{"cameraMode":{"drawMode":0,"name":"Shaded","section":"Shading Mode"},"sceneLighting":true,"audioPlay":false,"sceneViewState":{"showFog":true,"showMaterialUpdate":false,"showSkybox":true,"showFlares":true,"showImageEffects":true,"showParticleSystems":true,"showVisualEffectGraphs":true,"m_FxEnabled":true},"in2DMode":false,"pivot":{"x":-19.126893997192384,"y":0.9300994873046875,"z":12.276973724365235},"rotation":{"x":-0.18456408381462098,"y":0.23826774954795838,"z":-0.04618654027581215,"w":-0.9525094628334045},"size":22.189668655395509,"orthographic":false}