{"cameraMode":{"drawMode":0,"name":"Shaded","section":"Shading Mode"},"sceneLighting":false,"audioPlay":false,"sceneViewState":{"showFog":true,"showMaterialUpdate":false,"showSkybox":false,"showFlares":true,"showImageEffects":true,"showParticleSystems":true,"showVisualEffectGraphs":true,"m_FxEnabled":true},"in2DMode":false,"pivot":{"x":0.24247479438781739,"y":0.7180222868919373,"z":-0.24667952954769135},"rotation":{"x":0.2505442798137665,"y":-0.7219621539115906,"z":0.3245341181755066,"w":0.5575774312019348},"size":0.4320984482765198,"orthographic":false}