{"cameraMode":{"drawMode":0,"name":"Shaded","section":"Shading Mode"},"sceneLighting":false,"audioPlay":false,"sceneViewState":{"showFog":true,"showMaterialUpdate":false,"showSkybox":false,"showFlares":true,"showImageEffects":true,"showParticleSystems":true,"showVisualEffectGraphs":true,"m_FxEnabled":true},"in2DMode":false,"pivot":{"x":-4.8899993896484379,"y":7.9200005531311039,"z":-0.020000040531158448},"rotation":{"x":0.28353938460350039,"y":-0.05721117928624153,"z":0.01695205084979534,"w":0.9571375250816345},"size":6.305900573730469,"orthographic":false}