{"cameraMode":{"drawMode":0,"name":"Shaded","section":"Shading Mode"},"sceneLighting":false,"audioPlay":false,"sceneViewState":{"showFog":true,"showMaterialUpdate":false,"showSkybox":false,"showFlares":true,"showImageEffects":true,"showParticleSystems":true,"showVisualEffectGraphs":true,"m_FxEnabled":true},"in2DMode":false,"pivot":{"x":7.41823148727417,"y":14.897130012512207,"z":40.388118743896487},"rotation":{"x":0.22989529371261598,"y":0.12687188386917115,"z":-0.03023982048034668,"w":0.9644575715065002},"size":0.10366016626358032,"orthographic":false}